<?xml version="1.0" encoding="UTF-8"?>
<project-private xmlns="http://www.netbeans.org/ns/project-private/1">
    <editor-bookmarks xmlns="http://www.netbeans.org/ns/editor-bookmarks/2" lastBookmarkId="0"/>
    <open-files xmlns="http://www.netbeans.org/ns/projectui-open-files/2">
        <group>
            <file>file:/home/jesus/DAW/Programación/Trabajo%20final/3.%20Codificación/InazumaElevenJavaworld/src/inazuma/Programa.java</file>
            <file>file:/home/jesus/DAW/Programación/Trabajo%20final/3.%20Codificación/InazumaElevenJavaworld/src/inazuma/Juego.java</file>
            <file>file:/home/jesus/DAW/Programación/Trabajo%20final/3.%20Codificación/InazumaElevenJavaworld/src/inazuma/EmailServer.java</file>
            <file>file:/home/jesus/DAW/Programación/Trabajo%20final/3.%20Codificación/InazumaElevenJavaworld/src/inazuma/LogErrores.java</file>
            <file>file:/home/jesus/DAW/Programación/Trabajo%20final/3.%20Codificación/InazumaElevenJavaworld/src/inazuma/Equipo.java</file>
            <file>file:/home/jesus/DAW/Programación/Trabajo%20final/3.%20Codificación/InazumaElevenJavaworld/src/inazuma/Jugador.java</file>
            <file>file:/home/jesus/DAW/Programación/Trabajo%20final/3.%20Codificación/InazumaElevenJavaworld/src/inazuma/Autenticacion.java</file>
        </group>
    </open-files>
</project-private>
